Party,Votes,Percentage
Alliance,66,70.96774194
PMIP,12,12.90322581
DAP,3,3.225806452
Gerakan,8,8.602150538
PPP,4,4.301075269
