Party,Alliance,Opposition
1955 GE,98.07692308,1.923076923
1959 GE,71.15384615,28.84615385
1964 GE,85.57692308,14.42307692
1969 GE,64.0776699,35.9223301
